long_name,short_name
concurrency test 1,test 1
concurrency test 2,test 2
concurrency test 3,test 3
concurrency test 4,test 4
concurrency test 5,test 5
concurrency test 6,test 6
concurrency test 7,test 7
concurrency test 8,test 8
concurrency test 9,test 9
concurrency test 10,test 10
concurrency test 11,test 11
concurrency test 12,test 12
concurrency test 13,test 13
concurrency test 14,test 14
concurrency test 15,test 15
concurrency test 16,test 16
concurrency test 17,test 17
concurrency test 18,test 18
concurrency test 19,test 19
concurrency test 20,test 20
concurrency test 21,test 21
concurrency test 22,test 22
concurrency test 23,test 23
concurrency test 24,test 24
concurrency test 25,test 25
concurrency test 26,test 26
concurrency test 27,test 27
concurrency test 28,test 28
concurrency test 29,test 29
concurrency test 30,test 30
concurrency test 31,test 31
concurrency test 32,test 32
concurrency test 33,test 33
concurrency test 34,test 34
concurrency test 35,test 35
concurrency test 36,test 36
concurrency test 37,test 37
concurrency test 38,test 38
concurrency test 39,test 39
concurrency test 40,test 40
concurrency test 41,test 41
concurrency test 42,test 42
concurrency test 43,test 43
concurrency test 44,test 44
concurrency test 45,test 45
concurrency test 46,test 46
concurrency test 47,test 47
concurrency test 48,test 48
concurrency test 49,test 49
concurrency test 50,test 50
concurrency test 51,test 51
concurrency test 52,test 52
concurrency test 53,test 53
concurrency test 54,test 54
concurrency test 55,test 55
concurrency test 56,test 56
concurrency test 57,test 57
concurrency test 58,test 58
concurrency test 59,test 59
concurrency test 60,test 60
concurrency test 61,test 61
concurrency test 62,test 62
concurrency test 63,test 63
concurrency test 64,test 64
concurrency test 65,test 65
concurrency test 66,test 66
concurrency test 67,test 67
concurrency test 68,test 68
concurrency test 69,test 69
concurrency test 70,test 70
concurrency test 71,test 71
concurrency test 72,test 72
concurrency test 73,test 73
concurrency test 74,test 74
concurrency test 75,test 75
concurrency test 76,test 76
concurrency test 77,test 77
concurrency test 78,test 78
concurrency test 79,test 79
concurrency test 80,test 80
concurrency test 81,test 81
concurrency test 82,test 82
concurrency test 83,test 83
concurrency test 84,test 84
concurrency test 85,test 85
concurrency test 86,test 86
concurrency test 87,test 87
concurrency test 88,test 88
concurrency test 89,test 89
concurrency test 90,test 90
concurrency test 91,test 91
concurrency test 92,test 92
concurrency test 93,test 93
concurrency test 94,test 94
concurrency test 95,test 95
concurrency test 96,test 96
concurrency test 97,test 97
concurrency test 98,test 98
concurrency test 99,test 99
concurrency test 100,test 100
concurrency test 101,test 101
concurrency test 102,test 102
concurrency test 103,test 103
concurrency test 104,test 104
concurrency test 105,test 105
concurrency test 106,test 106
concurrency test 107,test 107
concurrency test 108,test 108
concurrency test 109,test 109
concurrency test 110,test 110
concurrency test 111,test 111
concurrency test 112,test 112
concurrency test 113,test 113
concurrency test 114,test 114
concurrency test 115,test 115
concurrency test 116,test 116
concurrency test 117,test 117
concurrency test 118,test 118
concurrency test 119,test 119
concurrency test 120,test 120
concurrency test 121,test 121
concurrency test 122,test 122
concurrency test 123,test 123
concurrency test 124,test 124
concurrency test 125,test 125
concurrency test 126,test 126
concurrency test 127,test 127
concurrency test 128,test 128
concurrency test 129,test 129
concurrency test 130,test 130
concurrency test 131,test 131
concurrency test 132,test 132
concurrency test 133,test 133
concurrency test 134,test 134
concurrency test 135,test 135
concurrency test 136,test 136
concurrency test 137,test 137
concurrency test 138,test 138
concurrency test 139,test 139
concurrency test 140,test 140
concurrency test 141,test 141
concurrency test 142,test 142
concurrency test 143,test 143
concurrency test 144,test 144
concurrency test 145,test 145
concurrency test 146,test 146
concurrency test 147,test 147
concurrency test 148,test 148
concurrency test 149,test 149
concurrency test 150,test 150
concurrency test 151,test 151
concurrency test 152,test 152
concurrency test 153,test 153
concurrency test 154,test 154
concurrency test 155,test 155
concurrency test 156,test 156
concurrency test 157,test 157
concurrency test 158,test 158
concurrency test 159,test 159
concurrency test 160,test 160
concurrency test 161,test 161
concurrency test 162,test 162
concurrency test 163,test 163
concurrency test 164,test 164
concurrency test 165,test 165
concurrency test 166,test 166
concurrency test 167,test 167
concurrency test 168,test 168
concurrency test 169,test 169
concurrency test 170,test 170
concurrency test 171,test 171
concurrency test 172,test 172
concurrency test 173,test 173
concurrency test 174,test 174
concurrency test 175,test 175
concurrency test 176,test 176
concurrency test 177,test 177
concurrency test 178,test 178
concurrency test 179,test 179
concurrency test 180,test 180
concurrency test 181,test 181
concurrency test 182,test 182
concurrency test 183,test 183
concurrency test 184,test 184
concurrency test 185,test 185
concurrency test 186,test 186
concurrency test 187,test 187
concurrency test 188,test 188
concurrency test 189,test 189
concurrency test 190,test 190
concurrency test 191,test 191
concurrency test 192,test 192
concurrency test 193,test 193
concurrency test 194,test 194
concurrency test 195,test 195
concurrency test 196,test 196
concurrency test 197,test 197
concurrency test 198,test 198
concurrency test 199,test 199
concurrency test 200,test 200
concurrency test 201,test 201
concurrency test 202,test 202
concurrency test 203,test 203
concurrency test 204,test 204
concurrency test 205,test 205
concurrency test 206,test 206
concurrency test 207,test 207
concurrency test 208,test 208
concurrency test 209,test 209
concurrency test 210,test 210
concurrency test 211,test 211
concurrency test 212,test 212
concurrency test 213,test 213
concurrency test 214,test 214
concurrency test 215,test 215
concurrency test 216,test 216
concurrency test 217,test 217
concurrency test 218,test 218
concurrency test 219,test 219
concurrency test 220,test 220
concurrency test 221,test 221
concurrency test 222,test 222
concurrency test 223,test 223
concurrency test 224,test 224
concurrency test 225,test 225
concurrency test 226,test 226
concurrency test 227,test 227
concurrency test 228,test 228
concurrency test 229,test 229
concurrency test 230,test 230
concurrency test 231,test 231
concurrency test 232,test 232
concurrency test 233,test 233
concurrency test 234,test 234
concurrency test 235,test 235
concurrency test 236,test 236
concurrency test 237,test 237
concurrency test 238,test 238
concurrency test 239,test 239
concurrency test 240,test 240
concurrency test 241,test 241
concurrency test 242,test 242
concurrency test 243,test 243
concurrency test 244,test 244
concurrency test 245,test 245
concurrency test 246,test 246
concurrency test 247,test 247
concurrency test 248,test 248
concurrency test 249,test 249
concurrency test 250,test 250