canvas_course_id,sis_course_id,name,total_students_enrolled
1,,Algebra I,1
2,,9th Grade English,1
3,,Voice Thread,0
4,,sample,0
5,,Templates / Javascript,3
6,"",Welcome to Canvas - Perkins,0
7,sdemo-psyc-000,Introduction to Psychology - ,6
8,sdemo-grade2-000,Grade 2 - ,2
9,sdemo-mtheory-000,Music Theory - ,3
10,sdemo-telecomm-000,Business Telecommunication Strategy and AppLeecations I - ,3
11,sdemo-biology-000,Biology - ,3
12,sdemo-amhist-000,American History - ,3
13,sdemo-geology-000,Introduction to Geology - ,3
14,sdemo-math8-000,8th Grade Math - ,4
15,,ä¸­æ–‡,0
16,,Flipping Woodshop,7
17,,Responsive Course,1
18,,Intro to Canvas Training,0
19,dreams,I Dreamed a Dream,1
20,,Choose Your Own Adventure Course,0
21,,Magic Marker Demo,6
22,,Statistics - Question Banks,0
23,,Admin Test Course,0
24,,Master Outcomes Course - Topic,0
25,,Canvas Training,0
26,,LTI DEMOS,0
27,,Outcomes Demo Course,0
28,,SCORM Demo,0
29,,Kindergarten,0
30,,API Test Course,0
31,,Arc Training,2
32,,Fall 2015,0
33,,Geology Demo,0
34,,K12 - PD,0
35,,Grade 2-3,0
36,,LIA Demo,0
37,,Arc Training Course,0
70,,6th Grade Math,0
71,FA16-ENG101-SA,English 101: Introduction to Shakespear,0
72,course2,English 102,0
73,course3,English 103,0
74,course4,English 104,0
75,course5,English 105,0
76,course6,English 106,0
77,course7,English 107,0
78,course8,English 108,0
79,,Google and Canvas,1
80,fringilla,Clemon's Sandbox,0
81,id.ante,Mccullough's Sandbox,0
82,est,Dorsey's Sandbox,0
83,eu,Wilkinson's Sandbox,0
85,,Canvas Live 4/26,2
86,,Test,0
87,,Glamping With Canvas,0
88,georgec_sandbox,George's Sandbox,0
89,,Mobile Scavenger Hunt,19
90,,Mobile Submissions Demo,1
91,api_test_course_id_1,Test Course 1,0
92,api_test_course_id_2,Test Course 2,0
93,api_test_course_id_3,Test Course 3,0
94,api_test_course_id_4,Test Course 4,0
95,api_test_course_id_5,Test Course 5,0
96,api_test_course_id_6,Test Course 6,0
97,api_test_course_id_7,Test Course 7,0
98,api_test_course_id_8,Test Course 8,0
99,api_test_course_id_9,Test Course 9,0
100,api_test_course_id_10,Test Course 10,0
101,api_test_course_id_11,Test Course 11,0
102,api_test_course_id_12,Test Course 12,0
103,api_test_course_id_13,Test Course 13,0
104,api_test_course_id_14,Test Course 14,0
105,api_test_course_id_15,Test Course 15,0
106,api_test_course_id_16,Test Course 16,0
107,api_test_course_id_17,Test Course 17,0
108,api_test_course_id_18,Test Course 18,0
109,api_test_course_id_19,Test Course 19,0
110,api_test_course_id_20,Test Course 20,0
111,api_test_course_id_21,Test Course 21,0
112,api_test_course_id_22,Test Course 22,0
113,api_test_course_id_23,Test Course 23,0
114,api_test_course_id_24,Test Course 24,0
115,api_test_course_id_25,Test Course 25,0
116,api_test_course_id_26,Test Course 26,0
117,api_test_course_id_27,Test Course 27,0
118,api_test_course_id_28,Test Course 28,0
119,api_test_course_id_29,Test Course 29,0
120,api_test_course_id_30,Test Course 30,0
121,api_test_course_id_31,Test Course 31,0
122,api_test_course_id_32,Test Course 32,0
123,api_test_course_id_33,Test Course 33,0
124,api_test_course_id_34,Test Course 34,0
125,api_test_course_id_35,Test Course 35,0
126,api_test_course_id_36,Test Course 36,0
127,api_test_course_id_37,Test Course 37,0
128,api_test_course_id_38,Test Course 38,0
129,api_test_course_id_39,Test Course 39,0
130,api_test_course_id_40,Test Course 40,0
131,api_test_course_id_41,Test Course 41,0
132,api_test_course_id_42,Test Course 42,0
133,api_test_course_id_43,Test Course 43,0
134,api_test_course_id_44,Test Course 44,0
135,api_test_course_id_45,Test Course 45,0
136,api_test_course_id_46,Test Course 46,0
137,api_test_course_id_47,Test Course 47,0
138,api_test_course_id_48,Test Course 48,0
139,api_test_course_id_49,Test Course 49,0
140,api_test_course_id_50,Test Course 50,0
141,api_test_course_id_51,Test Course 51,0
142,api_test_course_id_52,Test Course 52,0
143,api_test_course_id_53,Test Course 53,0
144,api_test_course_id_54,Test Course 54,0
145,api_test_course_id_55,Test Course 55,0
146,api_test_course_id_56,Test Course 56,0
147,api_test_course_id_57,Test Course 57,0
148,api_test_course_id_58,Test Course 58,0
149,api_test_course_id_59,Test Course 59,0
150,api_test_course_id_60,Test Course 60,0
151,api_test_course_id_61,Test Course 61,0
152,api_test_course_id_62,Test Course 62,0
153,api_test_course_id_63,Test Course 63,0
154,api_test_course_id_64,Test Course 64,0
155,api_test_course_id_65,Test Course 65,0
156,api_test_course_id_66,Test Course 66,0
157,api_test_course_id_67,Test Course 67,0
158,api_test_course_id_68,Test Course 68,0
159,api_test_course_id_69,Test Course 69,0
160,api_test_course_id_70,Test Course 70,0
161,api_test_course_id_71,Test Course 71,0
162,api_test_course_id_72,Test Course 72,0
163,api_test_course_id_73,Test Course 73,0
164,api_test_course_id_74,Test Course 74,0
165,api_test_course_id_75,Test Course 75,0
166,api_test_course_id_76,Test Course 76,0
167,api_test_course_id_77,Test Course 77,0
168,api_test_course_id_78,Test Course 78,0
169,api_test_course_id_79,Test Course 79,0
170,api_test_course_id_80,Test Course 80,0
171,api_test_course_id_81,Test Course 81,0
172,api_test_course_id_82,Test Course 82,0
173,api_test_course_id_83,Test Course 83,0
174,api_test_course_id_84,Test Course 84,0
175,api_test_course_id_85,Test Course 85,0
176,api_test_course_id_86,Test Course 86,0
177,api_test_course_id_87,Test Course 87,0
178,api_test_course_id_88,Test Course 88,0
179,api_test_course_id_89,Test Course 89,0
180,api_test_course_id_90,Test Course 90,0
181,api_test_course_id_91,Test Course 91,0
182,api_test_course_id_92,Test Course 92,0
183,api_test_course_id_93,Test Course 93,0
184,api_test_course_id_94,Test Course 94,0
185,api_test_course_id_95,Test Course 95,0
186,api_test_course_id_96,Test Course 96,0
187,api_test_course_id_97,Test Course 97,0
188,api_test_course_id_98,Test Course 98,0
189,api_test_course_id_99,Test Course 99,0
190,api_test_course_id_100,Test Course 100,0
191,api_test_course_id_101,Test Course 101,0
192,api_test_course_id_102,Test Course 102,0
193,api_test_course_id_103,Test Course 103,0
194,api_test_course_id_104,Test Course 104,0
195,api_test_course_id_105,Test Course 105,0
196,api_test_course_id_106,Test Course 106,0
197,api_test_course_id_107,Test Course 107,0
198,api_test_course_id_108,Test Course 108,0
199,api_test_course_id_109,Test Course 109,0
200,api_test_course_id_110,Test Course 110,0
201,api_test_course_id_111,Test Course 111,0
202,api_test_course_id_112,Test Course 112,0
203,api_test_course_id_113,Test Course 113,0
204,api_test_course_id_114,Test Course 114,0
205,api_test_course_id_115,Test Course 115,0
206,api_test_course_id_116,Test Course 116,0
207,api_test_course_id_117,Test Course 117,0
208,api_test_course_id_118,Test Course 118,0
209,api_test_course_id_119,Test Course 119,0
210,api_test_course_id_120,Test Course 120,0
211,api_test_course_id_121,Test Course 121,0
212,api_test_course_id_122,Test Course 122,0
213,api_test_course_id_123,Test Course 123,0
214,api_test_course_id_124,Test Course 124,0
215,api_test_course_id_125,Test Course 125,0
216,api_test_course_id_126,Test Course 126,0
217,api_test_course_id_127,Test Course 127,0
218,api_test_course_id_128,Test Course 128,0
219,api_test_course_id_129,Test Course 129,0
220,api_test_course_id_130,Test Course 130,0
221,api_test_course_id_131,Test Course 131,0
222,api_test_course_id_132,Test Course 132,0
223,api_test_course_id_133,Test Course 133,0
224,api_test_course_id_134,Test Course 134,0
225,api_test_course_id_135,Test Course 135,0
226,api_test_course_id_136,Test Course 136,0
227,api_test_course_id_137,Test Course 137,0
228,api_test_course_id_138,Test Course 138,0
229,api_test_course_id_139,Test Course 139,0
230,api_test_course_id_140,Test Course 140,0
231,api_test_course_id_141,Test Course 141,0
232,api_test_course_id_142,Test Course 142,0
233,api_test_course_id_143,Test Course 143,0
234,api_test_course_id_144,Test Course 144,0
235,api_test_course_id_145,Test Course 145,0
236,api_test_course_id_146,Test Course 146,0
237,api_test_course_id_147,Test Course 147,0
238,api_test_course_id_148,Test Course 148,0
239,api_test_course_id_149,Test Course 149,0
240,api_test_course_id_150,Test Course 150,0
241,api_test_course_id_151,Test Course 151,0
242,api_test_course_id_152,Test Course 152,0
243,api_test_course_id_153,Test Course 153,0
244,api_test_course_id_154,Test Course 154,0
245,api_test_course_id_155,Test Course 155,0
246,api_test_course_id_156,Test Course 156,0
247,api_test_course_id_157,Test Course 157,0
248,api_test_course_id_158,Test Course 158,0
249,api_test_course_id_159,Test Course 159,0
250,api_test_course_id_160,Test Course 160,0
251,api_test_course_id_161,Test Course 161,0
252,api_test_course_id_162,Test Course 162,0
253,api_test_course_id_163,Test Course 163,0
254,api_test_course_id_164,Test Course 164,0
255,api_test_course_id_165,Test Course 165,0
256,api_test_course_id_166,Test Course 166,0
257,api_test_course_id_167,Test Course 167,0
258,api_test_course_id_168,Test Course 168,0
259,api_test_course_id_169,Test Course 169,0
260,api_test_course_id_170,Test Course 170,0
261,api_test_course_id_171,Test Course 171,0
262,api_test_course_id_172,Test Course 172,0
263,api_test_course_id_173,Test Course 173,0
264,api_test_course_id_174,Test Course 174,0
265,api_test_course_id_175,Test Course 175,0
266,api_test_course_id_176,Test Course 176,0
267,api_test_course_id_177,Test Course 177,0
268,api_test_course_id_178,Test Course 178,0
269,api_test_course_id_179,Test Course 179,0
270,api_test_course_id_180,Test Course 180,0
271,api_test_course_id_181,Test Course 181,0
272,api_test_course_id_182,Test Course 182,0
273,api_test_course_id_183,Test Course 183,0
274,api_test_course_id_184,Test Course 184,0
275,api_test_course_id_185,Test Course 185,0
276,api_test_course_id_186,Test Course 186,0
277,api_test_course_id_187,Test Course 187,0
278,api_test_course_id_188,Test Course 188,0
279,api_test_course_id_189,Test Course 189,0
280,api_test_course_id_190,Test Course 190,0
281,api_test_course_id_191,Test Course 191,0
282,api_test_course_id_192,Test Course 192,0
283,api_test_course_id_193,Test Course 193,0
284,api_test_course_id_194,Test Course 194,0
285,api_test_course_id_195,Test Course 195,0
286,api_test_course_id_196,Test Course 196,0
287,api_test_course_id_197,Test Course 197,0
288,api_test_course_id_198,Test Course 198,0
289,api_test_course_id_199,Test Course 199,0
290,api_test_course_id_200,Test Course 200,0
291,api_test_course_id_201,Test Course 201,0
292,api_test_course_id_202,Test Course 202,0
293,api_test_course_id_203,Test Course 203,0
294,api_test_course_id_204,Test Course 204,0
295,api_test_course_id_205,Test Course 205,0
296,api_test_course_id_206,Test Course 206,0
297,api_test_course_id_207,Test Course 207,0
298,api_test_course_id_208,Test Course 208,0
299,api_test_course_id_209,Test Course 209,0
300,api_test_course_id_210,Test Course 210,0
301,api_test_course_id_211,Test Course 211,0
302,api_test_course_id_212,Test Course 212,0
303,api_test_course_id_213,Test Course 213,0
304,api_test_course_id_214,Test Course 214,0
305,api_test_course_id_215,Test Course 215,0
306,api_test_course_id_216,Test Course 216,0
307,api_test_course_id_217,Test Course 217,0
308,api_test_course_id_218,Test Course 218,0
309,api_test_course_id_219,Test Course 219,0
310,api_test_course_id_220,Test Course 220,0
311,api_test_course_id_221,Test Course 221,0
312,api_test_course_id_222,Test Course 222,0
313,api_test_course_id_223,Test Course 223,0
314,api_test_course_id_224,Test Course 224,0
315,api_test_course_id_225,Test Course 225,0
316,api_test_course_id_226,Test Course 226,0
317,api_test_course_id_227,Test Course 227,0
318,api_test_course_id_228,Test Course 228,0
319,api_test_course_id_229,Test Course 229,0
320,api_test_course_id_230,Test Course 230,0
321,api_test_course_id_231,Test Course 231,0
322,api_test_course_id_232,Test Course 232,0
323,api_test_course_id_233,Test Course 233,0
324,api_test_course_id_234,Test Course 234,0
325,api_test_course_id_235,Test Course 235,0
326,api_test_course_id_236,Test Course 236,0
327,api_test_course_id_237,Test Course 237,0
328,api_test_course_id_238,Test Course 238,0
329,api_test_course_id_239,Test Course 239,0
330,api_test_course_id_240,Test Course 240,0
331,api_test_course_id_241,Test Course 241,0
332,api_test_course_id_242,Test Course 242,0
333,api_test_course_id_243,Test Course 243,0
334,api_test_course_id_244,Test Course 244,0
335,api_test_course_id_245,Test Course 245,0
336,api_test_course_id_246,Test Course 246,0
337,api_test_course_id_247,Test Course 247,0
338,api_test_course_id_248,Test Course 248,0
339,api_test_course_id_249,Test Course 249,0
340,api_test_course_id_250,Test Course 250,0
341,api_test_course_id_251,Test Course 251,0
342,api_test_course_id_252,Test Course 252,0
343,api_test_course_id_253,Test Course 253,0
344,api_test_course_id_254,Test Course 254,0
345,api_test_course_id_255,Test Course 255,0
346,api_test_course_id_256,Test Course 256,0
347,api_test_course_id_257,Test Course 257,0
348,api_test_course_id_258,Test Course 258,0
349,api_test_course_id_259,Test Course 259,0
350,api_test_course_id_260,Test Course 260,0
351,api_test_course_id_261,Test Course 261,0
352,api_test_course_id_262,Test Course 262,0
353,api_test_course_id_263,Test Course 263,0
354,api_test_course_id_264,Test Course 264,0
355,api_test_course_id_265,Test Course 265,0
356,api_test_course_id_266,Test Course 266,0
357,api_test_course_id_267,Test Course 267,0
358,api_test_course_id_268,Test Course 268,0
359,api_test_course_id_269,Test Course 269,0
360,api_test_course_id_270,Test Course 270,0
361,api_test_course_id_271,Test Course 271,0
362,api_test_course_id_272,Test Course 272,0
363,api_test_course_id_273,Test Course 273,0
364,api_test_course_id_274,Test Course 274,0
365,api_test_course_id_275,Test Course 275,0
366,api_test_course_id_276,Test Course 276,0
367,api_test_course_id_277,Test Course 277,0
368,api_test_course_id_278,Test Course 278,0
369,api_test_course_id_279,Test Course 279,0
370,api_test_course_id_280,Test Course 280,0
371,api_test_course_id_281,Test Course 281,0
372,api_test_course_id_282,Test Course 282,0
373,api_test_course_id_283,Test Course 283,0
374,api_test_course_id_284,Test Course 284,0
375,api_test_course_id_285,Test Course 285,0
376,api_test_course_id_286,Test Course 286,0
377,api_test_course_id_287,Test Course 287,0
378,api_test_course_id_288,Test Course 288,0
379,api_test_course_id_289,Test Course 289,0
380,api_test_course_id_290,Test Course 290,0
381,api_test_course_id_291,Test Course 291,0
382,api_test_course_id_292,Test Course 292,0
383,api_test_course_id_293,Test Course 293,0
384,api_test_course_id_294,Test Course 294,0
385,api_test_course_id_295,Test Course 295,0
386,api_test_course_id_296,Test Course 296,0
387,api_test_course_id_297,Test Course 297,0
388,api_test_course_id_298,Test Course 298,0
389,api_test_course_id_299,Test Course 299,0
390,api_test_course_id_300,Test Course 300,0
391,api_test_course_id_301,Test Course 301,0
392,api_test_course_id_302,Test Course 302,0
393,api_test_course_id_303,Test Course 303,0
394,api_test_course_id_304,Test Course 304,0
395,api_test_course_id_305,Test Course 305,0
396,api_test_course_id_306,Test Course 306,0
397,api_test_course_id_307,Test Course 307,0
398,api_test_course_id_308,Test Course 308,0
399,api_test_course_id_309,Test Course 309,0
400,api_test_course_id_310,Test Course 310,0
401,api_test_course_id_311,Test Course 311,0
402,api_test_course_id_312,Test Course 312,0
403,api_test_course_id_313,Test Course 313,0
404,api_test_course_id_314,Test Course 314,0
405,api_test_course_id_315,Test Course 315,0
406,api_test_course_id_316,Test Course 316,0
407,api_test_course_id_317,Test Course 317,0
408,api_test_course_id_318,Test Course 318,0
409,api_test_course_id_319,Test Course 319,0
410,api_test_course_id_320,Test Course 320,0
411,api_test_course_id_321,Test Course 321,0
412,api_test_course_id_322,Test Course 322,0
413,api_test_course_id_323,Test Course 323,0
414,api_test_course_id_324,Test Course 324,0
415,api_test_course_id_325,Test Course 325,0
416,api_test_course_id_326,Test Course 326,0
417,api_test_course_id_327,Test Course 327,0
418,api_test_course_id_328,Test Course 328,0
419,api_test_course_id_329,Test Course 329,0
420,api_test_course_id_330,Test Course 330,0
421,api_test_course_id_331,Test Course 331,0
422,api_test_course_id_332,Test Course 332,0
423,api_test_course_id_333,Test Course 333,0
424,api_test_course_id_334,Test Course 334,0
425,api_test_course_id_335,Test Course 335,0
426,api_test_course_id_336,Test Course 336,0
427,api_test_course_id_337,Test Course 337,0
428,api_test_course_id_338,Test Course 338,0
429,api_test_course_id_339,Test Course 339,0
430,api_test_course_id_340,Test Course 340,0
431,api_test_course_id_341,Test Course 341,0
432,api_test_course_id_342,Test Course 342,0
433,api_test_course_id_343,Test Course 343,0
434,api_test_course_id_344,Test Course 344,0
435,api_test_course_id_345,Test Course 345,0
436,api_test_course_id_346,Test Course 346,0
437,api_test_course_id_347,Test Course 347,0
438,api_test_course_id_348,Test Course 348,0
439,api_test_course_id_349,Test Course 349,0
440,api_test_course_id_350,Test Course 350,0
441,api_test_course_id_351,Test Course 351,0
442,api_test_course_id_352,Test Course 352,0
443,api_test_course_id_353,Test Course 353,0
444,api_test_course_id_354,Test Course 354,0
445,api_test_course_id_355,Test Course 355,0
446,api_test_course_id_356,Test Course 356,0
447,api_test_course_id_357,Test Course 357,0
448,api_test_course_id_358,Test Course 358,0
449,api_test_course_id_359,Test Course 359,0
450,api_test_course_id_360,Test Course 360,0
451,api_test_course_id_361,Test Course 361,0
452,api_test_course_id_362,Test Course 362,0
453,api_test_course_id_363,Test Course 363,0
454,api_test_course_id_364,Test Course 364,0
455,api_test_course_id_365,Test Course 365,0
456,api_test_course_id_366,Test Course 366,0
457,api_test_course_id_367,Test Course 367,0
458,api_test_course_id_368,Test Course 368,0
459,api_test_course_id_369,Test Course 369,0
460,api_test_course_id_370,Test Course 370,0
461,api_test_course_id_371,Test Course 371,0
462,api_test_course_id_372,Test Course 372,0
463,api_test_course_id_373,Test Course 373,0
464,api_test_course_id_374,Test Course 374,0
465,api_test_course_id_375,Test Course 375,0
466,api_test_course_id_376,Test Course 376,0
467,api_test_course_id_377,Test Course 377,0
468,api_test_course_id_378,Test Course 378,0
469,api_test_course_id_379,Test Course 379,0
470,api_test_course_id_380,Test Course 380,0
471,api_test_course_id_381,Test Course 381,0
472,api_test_course_id_382,Test Course 382,0
473,api_test_course_id_383,Test Course 383,0
474,api_test_course_id_384,Test Course 384,0
475,api_test_course_id_385,Test Course 385,0
476,api_test_course_id_386,Test Course 386,0
477,api_test_course_id_387,Test Course 387,0
478,api_test_course_id_388,Test Course 388,0
479,api_test_course_id_389,Test Course 389,0
480,api_test_course_id_390,Test Course 390,0
481,api_test_course_id_391,Test Course 391,0
482,api_test_course_id_392,Test Course 392,0
483,api_test_course_id_393,Test Course 393,0
484,api_test_course_id_394,Test Course 394,0
485,api_test_course_id_395,Test Course 395,0
486,api_test_course_id_396,Test Course 396,0
487,api_test_course_id_397,Test Course 397,0
488,api_test_course_id_398,Test Course 398,0
489,api_test_course_id_399,Test Course 399,0
490,api_test_course_id_400,Test Course 400,0
491,api_test_course_id_401,Test Course 401,0
492,api_test_course_id_402,Test Course 402,0
493,api_test_course_id_403,Test Course 403,0
494,api_test_course_id_404,Test Course 404,0
495,api_test_course_id_405,Test Course 405,0
496,api_test_course_id_406,Test Course 406,0
497,api_test_course_id_407,Test Course 407,0
498,api_test_course_id_408,Test Course 408,0
499,api_test_course_id_409,Test Course 409,0
500,api_test_course_id_410,Test Course 410,0
501,api_test_course_id_411,Test Course 411,0
502,api_test_course_id_412,Test Course 412,0
503,api_test_course_id_413,Test Course 413,0
504,api_test_course_id_414,Test Course 414,0
505,api_test_course_id_415,Test Course 415,0
506,api_test_course_id_416,Test Course 416,0
507,api_test_course_id_417,Test Course 417,0
508,api_test_course_id_418,Test Course 418,0
509,api_test_course_id_419,Test Course 419,0
510,api_test_course_id_420,Test Course 420,0
511,api_test_course_id_421,Test Course 421,0
512,api_test_course_id_422,Test Course 422,0
513,api_test_course_id_423,Test Course 423,0
514,api_test_course_id_424,Test Course 424,0
515,api_test_course_id_425,Test Course 425,0
516,api_test_course_id_426,Test Course 426,0
517,api_test_course_id_427,Test Course 427,0
518,api_test_course_id_428,Test Course 428,0
519,api_test_course_id_429,Test Course 429,0
520,api_test_course_id_430,Test Course 430,0
521,api_test_course_id_431,Test Course 431,0
522,api_test_course_id_432,Test Course 432,0
523,api_test_course_id_433,Test Course 433,0
524,api_test_course_id_434,Test Course 434,0
525,api_test_course_id_435,Test Course 435,0
526,api_test_course_id_436,Test Course 436,0
527,api_test_course_id_437,Test Course 437,0
528,api_test_course_id_438,Test Course 438,0
529,api_test_course_id_439,Test Course 439,0
530,api_test_course_id_440,Test Course 440,0
531,api_test_course_id_441,Test Course 441,0
532,api_test_course_id_442,Test Course 442,0
533,api_test_course_id_443,Test Course 443,0
534,api_test_course_id_444,Test Course 444,0
535,api_test_course_id_445,Test Course 445,0
536,api_test_course_id_446,Test Course 446,0
537,api_test_course_id_447,Test Course 447,0
538,api_test_course_id_448,Test Course 448,0
539,api_test_course_id_449,Test Course 449,0
540,api_test_course_id_450,Test Course 450,0
541,api_test_course_id_451,Test Course 451,0
542,api_test_course_id_452,Test Course 452,0
543,api_test_course_id_453,Test Course 453,0
544,api_test_course_id_454,Test Course 454,0
545,api_test_course_id_455,Test Course 455,0
546,api_test_course_id_456,Test Course 456,0
547,api_test_course_id_457,Test Course 457,0
548,api_test_course_id_458,Test Course 458,0
549,api_test_course_id_459,Test Course 459,0
550,api_test_course_id_460,Test Course 460,0
551,api_test_course_id_461,Test Course 461,0
552,api_test_course_id_462,Test Course 462,0
553,api_test_course_id_463,Test Course 463,0
554,api_test_course_id_464,Test Course 464,0
555,api_test_course_id_465,Test Course 465,0
556,api_test_course_id_466,Test Course 466,0
557,api_test_course_id_467,Test Course 467,0
558,api_test_course_id_468,Test Course 468,0
559,api_test_course_id_469,Test Course 469,0
560,api_test_course_id_470,Test Course 470,0
561,api_test_course_id_471,Test Course 471,0
562,api_test_course_id_472,Test Course 472,0
563,api_test_course_id_473,Test Course 473,0
564,api_test_course_id_474,Test Course 474,0
565,api_test_course_id_475,Test Course 475,0
566,api_test_course_id_476,Test Course 476,0
567,api_test_course_id_477,Test Course 477,0
568,api_test_course_id_478,Test Course 478,0
569,api_test_course_id_479,Test Course 479,0
570,api_test_course_id_480,Test Course 480,0
571,api_test_course_id_481,Test Course 481,0
572,api_test_course_id_482,Test Course 482,0
573,api_test_course_id_483,Test Course 483,0
574,api_test_course_id_484,Test Course 484,0
575,api_test_course_id_485,Test Course 485,0
576,api_test_course_id_486,Test Course 486,0
577,api_test_course_id_487,Test Course 487,0
578,api_test_course_id_488,Test Course 488,0
579,api_test_course_id_489,Test Course 489,0
580,api_test_course_id_490,Test Course 490,0
581,api_test_course_id_491,Test Course 491,0
582,api_test_course_id_492,Test Course 492,0
583,api_test_course_id_493,Test Course 493,0
584,api_test_course_id_494,Test Course 494,0
585,api_test_course_id_495,Test Course 495,0
586,api_test_course_id_496,Test Course 496,0
587,api_test_course_id_497,Test Course 497,0
588,api_test_course_id_498,Test Course 498,0
589,api_test_course_id_499,Test Course 499,0
590,api_test_course_id_500,Test Course 500,0
591,api_test_course_id_501,Test Course 501,0
592,api_test_course_id_502,Test Course 502,0
593,api_test_course_id_503,Test Course 503,0
594,api_test_course_id_504,Test Course 504,0
595,api_test_course_id_505,Test Course 505,0
596,api_test_course_id_506,Test Course 506,0
597,api_test_course_id_507,Test Course 507,0
598,api_test_course_id_508,Test Course 508,0
599,api_test_course_id_509,Test Course 509,0
600,api_test_course_id_510,Test Course 510,0
601,api_test_course_id_511,Test Course 511,0
602,api_test_course_id_512,Test Course 512,0
603,api_test_course_id_513,Test Course 513,0
604,api_test_course_id_514,Test Course 514,0
605,api_test_course_id_515,Test Course 515,0
606,api_test_course_id_516,Test Course 516,0
607,api_test_course_id_517,Test Course 517,0
608,api_test_course_id_518,Test Course 518,0
609,api_test_course_id_519,Test Course 519,0
610,api_test_course_id_520,Test Course 520,0
611,api_test_course_id_521,Test Course 521,0
612,api_test_course_id_522,Test Course 522,0
613,api_test_course_id_523,Test Course 523,0
614,api_test_course_id_524,Test Course 524,0
615,api_test_course_id_525,Test Course 525,0
616,api_test_course_id_526,Test Course 526,0
617,api_test_course_id_527,Test Course 527,0
618,api_test_course_id_528,Test Course 528,0
619,api_test_course_id_529,Test Course 529,0
620,api_test_course_id_530,Test Course 530,0
621,api_test_course_id_531,Test Course 531,0
622,api_test_course_id_532,Test Course 532,0
623,api_test_course_id_533,Test Course 533,0
624,api_test_course_id_534,Test Course 534,0
625,api_test_course_id_535,Test Course 535,0
626,api_test_course_id_536,Test Course 536,0
627,api_test_course_id_537,Test Course 537,0
628,api_test_course_id_538,Test Course 538,0
629,api_test_course_id_539,Test Course 539,0
630,api_test_course_id_540,Test Course 540,0
631,api_test_course_id_541,Test Course 541,0
632,api_test_course_id_542,Test Course 542,0
633,api_test_course_id_543,Test Course 543,0
634,api_test_course_id_544,Test Course 544,0
635,api_test_course_id_545,Test Course 545,0
636,api_test_course_id_546,Test Course 546,0
637,api_test_course_id_547,Test Course 547,0
638,api_test_course_id_548,Test Course 548,0
639,api_test_course_id_549,Test Course 549,0
640,api_test_course_id_550,Test Course 550,0
641,api_test_course_id_551,Test Course 551,0
642,api_test_course_id_552,Test Course 552,0
643,api_test_course_id_553,Test Course 553,0
644,api_test_course_id_554,Test Course 554,0
645,api_test_course_id_555,Test Course 555,0
646,api_test_course_id_556,Test Course 556,0
647,api_test_course_id_557,Test Course 557,0
648,api_test_course_id_558,Test Course 558,0
649,api_test_course_id_559,Test Course 559,0
650,api_test_course_id_560,Test Course 560,0
651,api_test_course_id_561,Test Course 561,0
652,api_test_course_id_562,Test Course 562,0
653,api_test_course_id_563,Test Course 563,0
654,api_test_course_id_564,Test Course 564,0
655,api_test_course_id_565,Test Course 565,0
656,api_test_course_id_566,Test Course 566,0
657,api_test_course_id_567,Test Course 567,0
658,api_test_course_id_568,Test Course 568,0
659,api_test_course_id_569,Test Course 569,0
660,api_test_course_id_570,Test Course 570,0
661,api_test_course_id_571,Test Course 571,0
662,api_test_course_id_572,Test Course 572,0
663,api_test_course_id_573,Test Course 573,0
664,api_test_course_id_574,Test Course 574,0
665,api_test_course_id_575,Test Course 575,0
666,api_test_course_id_576,Test Course 576,0
667,api_test_course_id_577,Test Course 577,0
668,api_test_course_id_578,Test Course 578,0
669,api_test_course_id_579,Test Course 579,0
670,api_test_course_id_580,Test Course 580,0
671,api_test_course_id_581,Test Course 581,0
672,api_test_course_id_582,Test Course 582,0
673,api_test_course_id_583,Test Course 583,0
674,api_test_course_id_584,Test Course 584,0
675,api_test_course_id_585,Test Course 585,0
676,api_test_course_id_586,Test Course 586,0
677,api_test_course_id_587,Test Course 587,0
678,api_test_course_id_588,Test Course 588,0
679,api_test_course_id_589,Test Course 589,0
680,api_test_course_id_590,Test Course 590,0
681,api_test_course_id_591,Test Course 591,0
682,api_test_course_id_592,Test Course 592,0
683,api_test_course_id_593,Test Course 593,0
684,api_test_course_id_594,Test Course 594,0
685,api_test_course_id_595,Test Course 595,0
686,api_test_course_id_596,Test Course 596,0
687,api_test_course_id_597,Test Course 597,0
688,api_test_course_id_598,Test Course 598,0
689,api_test_course_id_599,Test Course 599,0
690,api_test_course_id_600,Test Course 600,0
691,api_test_course_id_601,Test Course 601,0
692,api_test_course_id_602,Test Course 602,0
693,api_test_course_id_603,Test Course 603,0
694,api_test_course_id_604,Test Course 604,0
695,api_test_course_id_605,Test Course 605,0
696,api_test_course_id_606,Test Course 606,0
697,api_test_course_id_607,Test Course 607,0
698,api_test_course_id_608,Test Course 608,0
699,api_test_course_id_609,Test Course 609,0
700,api_test_course_id_610,Test Course 610,0
701,api_test_course_id_611,Test Course 611,0
702,api_test_course_id_612,Test Course 612,0
703,api_test_course_id_613,Test Course 613,0
704,api_test_course_id_614,Test Course 614,0
705,api_test_course_id_615,Test Course 615,0
706,api_test_course_id_616,Test Course 616,0
707,api_test_course_id_617,Test Course 617,0
708,api_test_course_id_618,Test Course 618,0
709,api_test_course_id_619,Test Course 619,0
710,api_test_course_id_620,Test Course 620,0
711,api_test_course_id_621,Test Course 621,0
712,api_test_course_id_622,Test Course 622,0
713,api_test_course_id_623,Test Course 623,0
714,api_test_course_id_624,Test Course 624,0
715,api_test_course_id_625,Test Course 625,0
716,api_test_course_id_626,Test Course 626,0
717,api_test_course_id_627,Test Course 627,0
718,api_test_course_id_628,Test Course 628,0
719,api_test_course_id_629,Test Course 629,0
720,api_test_course_id_630,Test Course 630,0
721,api_test_course_id_631,Test Course 631,0
722,api_test_course_id_632,Test Course 632,0
723,api_test_course_id_633,Test Course 633,0
724,api_test_course_id_634,Test Course 634,0
725,api_test_course_id_635,Test Course 635,0
726,api_test_course_id_636,Test Course 636,0
727,api_test_course_id_637,Test Course 637,0
728,api_test_course_id_638,Test Course 638,0
729,api_test_course_id_639,Test Course 639,0
730,api_test_course_id_640,Test Course 640,0
731,api_test_course_id_641,Test Course 641,0
732,api_test_course_id_642,Test Course 642,0
733,api_test_course_id_643,Test Course 643,0
734,api_test_course_id_644,Test Course 644,0
735,api_test_course_id_645,Test Course 645,0
736,api_test_course_id_646,Test Course 646,0
737,api_test_course_id_647,Test Course 647,0
738,api_test_course_id_648,Test Course 648,0
739,api_test_course_id_649,Test Course 649,0
740,api_test_course_id_650,Test Course 650,0
741,api_test_course_id_651,Test Course 651,0
742,api_test_course_id_652,Test Course 652,0
743,api_test_course_id_653,Test Course 653,0
744,api_test_course_id_654,Test Course 654,0
745,api_test_course_id_655,Test Course 655,0
746,api_test_course_id_656,Test Course 656,0
747,api_test_course_id_657,Test Course 657,0
748,api_test_course_id_658,Test Course 658,0
749,api_test_course_id_659,Test Course 659,0
750,api_test_course_id_660,Test Course 660,0
751,api_test_course_id_661,Test Course 661,0
752,api_test_course_id_662,Test Course 662,0
753,api_test_course_id_663,Test Course 663,0
754,api_test_course_id_664,Test Course 664,0
755,api_test_course_id_665,Test Course 665,0
756,api_test_course_id_666,Test Course 666,0
757,api_test_course_id_667,Test Course 667,0
758,api_test_course_id_668,Test Course 668,0
759,api_test_course_id_669,Test Course 669,0
760,api_test_course_id_670,Test Course 670,0
761,api_test_course_id_671,Test Course 671,0
762,api_test_course_id_672,Test Course 672,0
763,api_test_course_id_673,Test Course 673,0
764,api_test_course_id_674,Test Course 674,0
765,api_test_course_id_675,Test Course 675,0
766,api_test_course_id_676,Test Course 676,0
767,api_test_course_id_677,Test Course 677,0
768,api_test_course_id_678,Test Course 678,0
769,api_test_course_id_679,Test Course 679,0
770,api_test_course_id_680,Test Course 680,0
771,api_test_course_id_681,Test Course 681,0
772,api_test_course_id_682,Test Course 682,0
773,api_test_course_id_683,Test Course 683,0
774,api_test_course_id_684,Test Course 684,0
775,api_test_course_id_685,Test Course 685,0
776,api_test_course_id_686,Test Course 686,0
777,api_test_course_id_687,Test Course 687,0
778,api_test_course_id_688,Test Course 688,0
779,api_test_course_id_689,Test Course 689,0
780,api_test_course_id_690,Test Course 690,0
781,api_test_course_id_691,Test Course 691,0
782,api_test_course_id_692,Test Course 692,0
783,api_test_course_id_693,Test Course 693,0
784,api_test_course_id_694,Test Course 694,0
785,api_test_course_id_695,Test Course 695,0
786,api_test_course_id_696,Test Course 696,0
787,api_test_course_id_697,Test Course 697,0
788,api_test_course_id_698,Test Course 698,0
789,api_test_course_id_699,Test Course 699,0
790,api_test_course_id_700,Test Course 700,0
791,api_test_course_id_701,Test Course 701,0
792,api_test_course_id_702,Test Course 702,0
793,api_test_course_id_703,Test Course 703,0
794,api_test_course_id_704,Test Course 704,0
795,api_test_course_id_705,Test Course 705,0
796,api_test_course_id_706,Test Course 706,0
797,api_test_course_id_707,Test Course 707,0
798,api_test_course_id_708,Test Course 708,0
799,api_test_course_id_709,Test Course 709,0
800,api_test_course_id_710,Test Course 710,0
801,api_test_course_id_711,Test Course 711,0
802,api_test_course_id_712,Test Course 712,0
803,api_test_course_id_713,Test Course 713,0
804,api_test_course_id_714,Test Course 714,0
805,api_test_course_id_715,Test Course 715,0
806,api_test_course_id_716,Test Course 716,0
807,api_test_course_id_717,Test Course 717,0
808,api_test_course_id_718,Test Course 718,0
809,api_test_course_id_719,Test Course 719,0
810,api_test_course_id_720,Test Course 720,0
811,api_test_course_id_721,Test Course 721,0
812,api_test_course_id_722,Test Course 722,0
813,api_test_course_id_723,Test Course 723,0
814,api_test_course_id_724,Test Course 724,0
815,api_test_course_id_725,Test Course 725,0
816,api_test_course_id_726,Test Course 726,0
817,api_test_course_id_727,Test Course 727,0
818,api_test_course_id_728,Test Course 728,0
819,api_test_course_id_729,Test Course 729,0
820,api_test_course_id_730,Test Course 730,0
821,api_test_course_id_731,Test Course 731,0
822,api_test_course_id_732,Test Course 732,0
823,api_test_course_id_733,Test Course 733,0
824,api_test_course_id_734,Test Course 734,0
825,api_test_course_id_735,Test Course 735,0
826,api_test_course_id_736,Test Course 736,0
827,api_test_course_id_737,Test Course 737,0
828,api_test_course_id_738,Test Course 738,0
829,api_test_course_id_739,Test Course 739,0
830,api_test_course_id_740,Test Course 740,0
831,api_test_course_id_741,Test Course 741,0
832,api_test_course_id_742,Test Course 742,0
833,api_test_course_id_743,Test Course 743,0
834,api_test_course_id_744,Test Course 744,0
835,api_test_course_id_745,Test Course 745,0
836,api_test_course_id_746,Test Course 746,0
837,api_test_course_id_747,Test Course 747,0
838,api_test_course_id_748,Test Course 748,0
839,api_test_course_id_749,Test Course 749,0
840,api_test_course_id_750,Test Course 750,0
841,api_test_course_id_751,Test Course 751,0
842,api_test_course_id_752,Test Course 752,0
843,api_test_course_id_753,Test Course 753,0
844,api_test_course_id_754,Test Course 754,0
845,api_test_course_id_755,Test Course 755,0
846,api_test_course_id_756,Test Course 756,0
847,api_test_course_id_757,Test Course 757,0
848,api_test_course_id_758,Test Course 758,0
849,api_test_course_id_759,Test Course 759,0
850,api_test_course_id_760,Test Course 760,0
851,api_test_course_id_761,Test Course 761,0
852,api_test_course_id_762,Test Course 762,0
853,api_test_course_id_763,Test Course 763,0
854,api_test_course_id_764,Test Course 764,0
855,api_test_course_id_765,Test Course 765,0
856,api_test_course_id_766,Test Course 766,0
857,api_test_course_id_767,Test Course 767,0
858,api_test_course_id_768,Test Course 768,0
859,api_test_course_id_769,Test Course 769,0
860,api_test_course_id_770,Test Course 770,0
861,api_test_course_id_771,Test Course 771,0
862,api_test_course_id_772,Test Course 772,0
863,api_test_course_id_773,Test Course 773,0
864,api_test_course_id_774,Test Course 774,0
865,api_test_course_id_775,Test Course 775,0
866,api_test_course_id_776,Test Course 776,0
867,api_test_course_id_777,Test Course 777,0
868,api_test_course_id_778,Test Course 778,0
869,api_test_course_id_779,Test Course 779,0
870,api_test_course_id_780,Test Course 780,0
871,api_test_course_id_781,Test Course 781,0
872,api_test_course_id_782,Test Course 782,0
873,api_test_course_id_783,Test Course 783,0
874,api_test_course_id_784,Test Course 784,0
875,api_test_course_id_785,Test Course 785,0
876,api_test_course_id_786,Test Course 786,0
877,api_test_course_id_787,Test Course 787,0
878,api_test_course_id_788,Test Course 788,0
879,api_test_course_id_789,Test Course 789,0
880,api_test_course_id_790,Test Course 790,0
881,api_test_course_id_791,Test Course 791,0
882,api_test_course_id_792,Test Course 792,0
883,api_test_course_id_793,Test Course 793,0
884,api_test_course_id_794,Test Course 794,0
885,api_test_course_id_795,Test Course 795,0
886,api_test_course_id_796,Test Course 796,0
887,api_test_course_id_797,Test Course 797,0
888,api_test_course_id_798,Test Course 798,0
889,api_test_course_id_799,Test Course 799,0
890,api_test_course_id_800,Test Course 800,0
891,api_test_course_id_801,Test Course 801,0
892,api_test_course_id_802,Test Course 802,0
893,api_test_course_id_803,Test Course 803,0
894,api_test_course_id_804,Test Course 804,0
895,api_test_course_id_805,Test Course 805,0
896,api_test_course_id_806,Test Course 806,0
897,api_test_course_id_807,Test Course 807,0
898,api_test_course_id_808,Test Course 808,0
899,api_test_course_id_809,Test Course 809,0
900,api_test_course_id_810,Test Course 810,0
901,api_test_course_id_811,Test Course 811,0
902,api_test_course_id_812,Test Course 812,0
903,api_test_course_id_813,Test Course 813,0
904,api_test_course_id_814,Test Course 814,0
905,api_test_course_id_815,Test Course 815,0
906,api_test_course_id_816,Test Course 816,0
907,api_test_course_id_817,Test Course 817,0
908,api_test_course_id_818,Test Course 818,0
909,api_test_course_id_819,Test Course 819,0
910,api_test_course_id_820,Test Course 820,0
911,api_test_course_id_821,Test Course 821,0
912,api_test_course_id_822,Test Course 822,0
913,api_test_course_id_823,Test Course 823,0
914,api_test_course_id_824,Test Course 824,0
915,api_test_course_id_825,Test Course 825,0
916,api_test_course_id_826,Test Course 826,0
917,api_test_course_id_827,Test Course 827,0
918,api_test_course_id_828,Test Course 828,0
919,api_test_course_id_829,Test Course 829,0
920,api_test_course_id_830,Test Course 830,0
921,api_test_course_id_831,Test Course 831,0
922,api_test_course_id_832,Test Course 832,0
923,api_test_course_id_833,Test Course 833,0
924,api_test_course_id_834,Test Course 834,0
925,api_test_course_id_835,Test Course 835,0
926,api_test_course_id_836,Test Course 836,0
927,api_test_course_id_837,Test Course 837,0
928,api_test_course_id_838,Test Course 838,0
929,api_test_course_id_839,Test Course 839,0
930,api_test_course_id_840,Test Course 840,0
931,api_test_course_id_841,Test Course 841,0
932,api_test_course_id_842,Test Course 842,0
933,api_test_course_id_843,Test Course 843,0
934,api_test_course_id_844,Test Course 844,0
935,api_test_course_id_845,Test Course 845,0
936,api_test_course_id_846,Test Course 846,0
937,api_test_course_id_847,Test Course 847,0
938,api_test_course_id_848,Test Course 848,0
939,api_test_course_id_849,Test Course 849,0
940,api_test_course_id_850,Test Course 850,0
941,api_test_course_id_851,Test Course 851,0
942,api_test_course_id_852,Test Course 852,0
943,api_test_course_id_853,Test Course 853,0
944,api_test_course_id_854,Test Course 854,0
945,api_test_course_id_855,Test Course 855,0
946,api_test_course_id_856,Test Course 856,0
947,api_test_course_id_857,Test Course 857,0
948,api_test_course_id_858,Test Course 858,0
949,api_test_course_id_859,Test Course 859,0
950,api_test_course_id_860,Test Course 860,0
951,api_test_course_id_861,Test Course 861,0
952,api_test_course_id_862,Test Course 862,0
953,api_test_course_id_863,Test Course 863,0
954,api_test_course_id_864,Test Course 864,0
955,api_test_course_id_865,Test Course 865,0
956,api_test_course_id_866,Test Course 866,0
957,api_test_course_id_867,Test Course 867,0
958,api_test_course_id_868,Test Course 868,0
959,api_test_course_id_869,Test Course 869,0
960,api_test_course_id_870,Test Course 870,0
961,api_test_course_id_871,Test Course 871,0
962,api_test_course_id_872,Test Course 872,0
963,api_test_course_id_873,Test Course 873,0
964,api_test_course_id_874,Test Course 874,0
965,api_test_course_id_875,Test Course 875,0
966,api_test_course_id_876,Test Course 876,0
967,api_test_course_id_877,Test Course 877,0
968,api_test_course_id_878,Test Course 878,0
969,api_test_course_id_879,Test Course 879,0
970,api_test_course_id_880,Test Course 880,0
971,api_test_course_id_881,Test Course 881,0
972,api_test_course_id_882,Test Course 882,0
973,api_test_course_id_883,Test Course 883,0
974,api_test_course_id_884,Test Course 884,0
975,api_test_course_id_885,Test Course 885,0
976,api_test_course_id_886,Test Course 886,0
977,api_test_course_id_887,Test Course 887,0
978,api_test_course_id_888,Test Course 888,0
979,api_test_course_id_889,Test Course 889,0
980,api_test_course_id_890,Test Course 890,0
981,api_test_course_id_891,Test Course 891,0
982,api_test_course_id_892,Test Course 892,0
983,api_test_course_id_893,Test Course 893,0
984,api_test_course_id_894,Test Course 894,0
985,api_test_course_id_895,Test Course 895,0
986,api_test_course_id_896,Test Course 896,0
987,api_test_course_id_897,Test Course 897,0
988,api_test_course_id_898,Test Course 898,0
989,api_test_course_id_899,Test Course 899,0
990,api_test_course_id_900,Test Course 900,0
991,api_test_course_id_901,Test Course 901,0
992,api_test_course_id_902,Test Course 902,0
993,api_test_course_id_903,Test Course 903,0
994,api_test_course_id_904,Test Course 904,0
995,api_test_course_id_905,Test Course 905,0
996,api_test_course_id_906,Test Course 906,0
997,api_test_course_id_907,Test Course 907,0
998,api_test_course_id_908,Test Course 908,0
999,api_test_course_id_909,Test Course 909,0
1000,api_test_course_id_910,Test Course 910,0
1001,api_test_course_id_911,Test Course 911,0
1002,api_test_course_id_912,Test Course 912,0
1003,api_test_course_id_913,Test Course 913,0
1004,api_test_course_id_914,Test Course 914,0
1005,api_test_course_id_915,Test Course 915,0
1006,api_test_course_id_916,Test Course 916,0
1007,api_test_course_id_917,Test Course 917,0
1008,api_test_course_id_918,Test Course 918,0
1009,api_test_course_id_919,Test Course 919,0
1010,api_test_course_id_920,Test Course 920,0
1011,api_test_course_id_921,Test Course 921,0
1012,api_test_course_id_922,Test Course 922,0
1013,api_test_course_id_923,Test Course 923,0
1014,api_test_course_id_924,Test Course 924,0
1015,api_test_course_id_925,Test Course 925,0
1016,api_test_course_id_926,Test Course 926,0
1017,api_test_course_id_927,Test Course 927,0
1018,api_test_course_id_928,Test Course 928,0
1019,api_test_course_id_929,Test Course 929,0
1020,api_test_course_id_930,Test Course 930,0
1021,api_test_course_id_931,Test Course 931,0
1022,api_test_course_id_932,Test Course 932,0
1023,api_test_course_id_933,Test Course 933,0
1024,api_test_course_id_934,Test Course 934,0
1025,api_test_course_id_935,Test Course 935,0
1026,api_test_course_id_936,Test Course 936,0
1027,api_test_course_id_937,Test Course 937,0
1028,api_test_course_id_938,Test Course 938,0
1029,api_test_course_id_939,Test Course 939,0
1030,api_test_course_id_940,Test Course 940,0
1031,api_test_course_id_941,Test Course 941,0
1032,api_test_course_id_942,Test Course 942,0
1033,api_test_course_id_943,Test Course 943,0
1034,api_test_course_id_944,Test Course 944,0
1035,api_test_course_id_945,Test Course 945,0
1036,api_test_course_id_946,Test Course 946,0
1037,api_test_course_id_947,Test Course 947,0
1038,api_test_course_id_948,Test Course 948,0
1039,api_test_course_id_949,Test Course 949,0
1040,api_test_course_id_950,Test Course 950,0
1041,api_test_course_id_951,Test Course 951,0
1042,api_test_course_id_952,Test Course 952,0
1043,api_test_course_id_953,Test Course 953,0
1044,api_test_course_id_954,Test Course 954,0
1045,api_test_course_id_955,Test Course 955,0
1046,api_test_course_id_956,Test Course 956,0
1047,api_test_course_id_957,Test Course 957,0
1048,api_test_course_id_958,Test Course 958,0
1049,api_test_course_id_959,Test Course 959,0
1050,api_test_course_id_960,Test Course 960,0
1051,api_test_course_id_961,Test Course 961,0
1052,api_test_course_id_962,Test Course 962,0
1053,api_test_course_id_963,Test Course 963,0
1054,api_test_course_id_964,Test Course 964,0
1055,api_test_course_id_965,Test Course 965,0
1056,api_test_course_id_966,Test Course 966,0
1057,api_test_course_id_967,Test Course 967,0
1058,api_test_course_id_968,Test Course 968,0
1059,api_test_course_id_969,Test Course 969,0
1060,api_test_course_id_970,Test Course 970,0
1061,api_test_course_id_971,Test Course 971,0
1062,api_test_course_id_972,Test Course 972,0
1063,api_test_course_id_973,Test Course 973,0
1064,api_test_course_id_974,Test Course 974,0
1065,api_test_course_id_975,Test Course 975,0
1066,api_test_course_id_976,Test Course 976,0
1067,api_test_course_id_977,Test Course 977,0
1068,api_test_course_id_978,Test Course 978,0
1069,api_test_course_id_979,Test Course 979,0
1070,api_test_course_id_980,Test Course 980,0
1071,api_test_course_id_981,Test Course 981,0
1072,api_test_course_id_982,Test Course 982,0
1073,api_test_course_id_983,Test Course 983,0
1074,api_test_course_id_984,Test Course 984,0
1075,api_test_course_id_985,Test Course 985,0
1076,api_test_course_id_986,Test Course 986,0
1077,api_test_course_id_987,Test Course 987,0
1078,api_test_course_id_988,Test Course 988,0
1079,api_test_course_id_989,Test Course 989,0
1080,api_test_course_id_990,Test Course 990,0
1081,api_test_course_id_991,Test Course 991,0
1082,api_test_course_id_992,Test Course 992,0
1083,api_test_course_id_993,Test Course 993,0
1084,api_test_course_id_994,Test Course 994,0
1085,api_test_course_id_995,Test Course 995,0
1086,api_test_course_id_996,Test Course 996,0
1087,api_test_course_id_997,Test Course 997,0
1088,api_test_course_id_998,Test Course 998,0
1089,api_test_course_id_999,Test Course 999,0
1114,,Sample Course Demo,0
1117,too_many_users,Too Many People,30290
1118,,Ruby & Canvas API,1
1119,,Canvas API & Ruby (Canvas Network),1
1156,ruby_test_1,Unnamed Course,0
1157,ruby_test_2,Unnamed Course,0
1158,ruby_test_3,Unnamed Course,0
1159,ruby_test_4,Unnamed Course,0
1160,ruby_test_5,Unnamed Course,0
1161,ruby_test_6,Unnamed Course,0
1162,ruby_test_7,Unnamed Course,0
1163,ruby_test_8,Unnamed Course,0
1164,ruby_test_9,Unnamed Course,0
1165,ruby_test_10,Unnamed Course,0
1166,ruby_test_11,Unnamed Course,0
1167,ruby_test_12,Unnamed Course,0
1168,ruby_test_13,Unnamed Course,0
1169,ruby_test_14,Unnamed Course,0
1170,ruby_test_15,Unnamed Course,0
1171,ruby_test_16,Unnamed Course,0
1172,ruby_test_17,Unnamed Course,0
1173,ruby_test_18,Unnamed Course,0
1174,ruby_test_19,Unnamed Course,0
1175,ruby_test_20,Unnamed Course,0
1176,ruby_test_21,Unnamed Course,0
1177,ruby_test_22,Unnamed Course,0
1178,ruby_test_23,Unnamed Course,0
1179,ruby_test_24,Unnamed Course,0
1180,ruby_test_25,Unnamed Course,0
1181,ruby_test_26,Unnamed Course,0
1182,ruby_test_27,Unnamed Course,0
1183,ruby_test_28,Unnamed Course,0
1184,ruby_test_29,Unnamed Course,0
1185,ruby_test_30,Unnamed Course,0
1186,ruby_test_31,Unnamed Course,0
1187,ruby_test_32,Unnamed Course,0
1188,ruby_test_33,Unnamed Course,0
1189,ruby_test_34,Unnamed Course,0
1190,ruby_test_35,Unnamed Course,0
1191,ruby_test_36,Unnamed Course,0
1192,ruby_test_37,Unnamed Course,0
1193,ruby_test_38,Unnamed Course,0
1194,ruby_test_39,Unnamed Course,0
1195,ruby_test_40,Unnamed Course,0
1196,ruby_test_41,Unnamed Course,0
1197,i_made_by_api,I made this with the API,0
1198,i_made_by_api2,I made this with the API 2,0
1199,i_made_by_api3,I made this with the API 3,0
1200,i_made_by_api4,I made this with the API 4,0
1201,ruby_api_1,API Test Course 1,0
1202,ruby_api_2,API Test Course 2,0
1203,ruby_api_3,API Test Course 3,0
1204,ruby_api_4,API Test Course 4,0
1205,ruby_api_5,API Test Course 5,0
1206,ruby_api_6,API Test Course 6,0
1207,ruby_api_7,API Test Course 7,0
1208,ruby_api_8,API Test Course 8,0
1209,ruby_api_9,API Test Course 9,0
1210,ruby_api_10,API Test Course 10,0
1211,ruby_api_11,API Test Course 11,0
1212,ruby_api_12,API Test Course 12,0
1213,ruby_api_13,API Test Course 13,0
1214,ruby_api_14,API Test Course 14,0
1215,ruby_api_15,API Test Course 15,0
1216,ruby_api_16,API Test Course 16,0
1217,ruby_api_17,API Test Course 17,0
1218,ruby_api_18,API Test Course 18,0
1219,ruby_api_19,API Test Course 19,0
1220,ruby_api_20,API Test Course 20,0
1221,ruby_api_21,API Test Course 21,0
1222,ruby_api_22,API Test Course 22,0
1223,ruby_api_23,API Test Course 23,0
1224,ruby_api_24,API Test Course 24,0
1225,ruby_api_25,API Test Course 25,0
1226,ruby_api_26,API Test Course 26,0
1227,ruby_api_27,API Test Course 27,0
1228,ruby_api_28,API Test Course 28,0
1229,ruby_api_29,API Test Course 29,0
1230,ruby_api_30,API Test Course 30,0
1231,ruby_api_31,API Test Course 31,0
1232,ruby_api_32,API Test Course 32,0
1233,ruby_api_33,API Test Course 33,0
1234,ruby_api_34,API Test Course 34,0
1235,ruby_api_35,API Test Course 35,0
1236,ruby_api_36,API Test Course 36,0
1237,ruby_api_37,API Test Course 37,0
1238,ruby_api_38,API Test Course 38,0
1239,ruby_api_39,API Test Course 39,0
1240,ruby_api_40,API Test Course 40,0
